Number,Name,RA,Dec,Vmag,SpType,Vsini,Nspectra,Comments
001,HD 225095,00 03 27.15,55 33 03.23,7.95,B2IVne,,340,
002,2 Cet,00 03 44.39,-17 20 09.57,4.543,B9IVne,,188,
003,10 Cas,00 06 26.54,64 11 46.21,5.567,B9IIIe,125,305,
004,HD 628,00 10 45.14,58 01 05.91,7.84,Be,,2,
005,V742 Cas,00 11 37.15,58 12 42.58,7.08,B5IIe,,213,
006,omi Cas,00 44 43.52,48 17 03.71,4.477,B5IIIe,195,612,
007,gam Cas,00 56 42.53,60 43 00.27,2.47,B0IVpe,432,11990,
008,V442 And,01 03 53.36,47 38 32.26,6.82,B2IVe,,16521,
009,HD 6343,01 05 52.98,65 58 15.79,7.257,B8e,,242,
010,phi And,01 09 30.13,47 14 30.46,4.252,B7Ve,85,3924,
011,V764 Cas,01 17 26.29,57 37 55.49,6.891,B2IIIne,,452,
012,HD 9709,01 36 03.09,47 06 52.10,7.07,B9e,350,438,
013,HD 9612,01 37 22.22,74 18 03.44,6.589,B9Ve,270,185,
014,ACHERNAR,01 37 42.85,-57 14 12.31,0.5,B6Vpe,235,661,
015,phi Per,01 43 39.64,50 41 19.43,4.09,B2Vpe,440,1665,
016,HD 232552,01 52 26.09,55 19 53.74,7.94,B0pe,,171,
017,eps Cas,01 54 23.73,63 40 12.36,3.342,B3IIIe,30,544,
018,V777 Cas,01 55 42.85,59 16 24.42,7.02,B2Vne,280,624,
019,V782 Cas,02 08 45.44,65 02 14.73,7.622,B6IIe,,231,
020,V549 Per,02 14 53.11,54 31 54.19,7.86,B2IVe,250,234,
021,HD 13669,02 15 02.61,55 47 35.59,7.9,B3IVe,350,199,
022,V787 Cas,02 15 12.97,64 01 28.02,7.9,B2IIIe,,207,
023,HD 13867,02 16 36.00,49 49 11.54,7.71,B5Ve,70,555,
024,tet Ari,02 18 07.54,19 54 04.19,5.575,B9IVe,178,653,
025,HD 17505,02 51 07.98,60 25 03.87,7.1,O6Ve,126,271,
026,HD 18552,03 00 11.89,38 07 54.27,6.119,B8Vne,288,796,
027,V801 Cas,03 08 54.18,62 23 04.55,6.503,B1Ve,160,262,
028,HD 20017,03 14 55.31,48 41 44.87,7.91,B5Ve,,69,
029,HD 20340,03 15 45.87,-16 49 43.49,7.96,B3Ve,200,151,
030,HD 20134,03 16 59.75,60 04 02.97,7.47,B2.5IVe,,292,
031,BK Cam,03 19 59.27,65 39 08.25,4.728,B2.5Vne,328,417,
032,HD 20566,03 23 33.10,71 25 06.76,7.94,B3Vne,,168,Herbig
033,HD 21362,03 28 52.33,49 50 54.17,5.578,B6Vne,385,342,
034,HD 21455,03 29 26.28,46 56 16.32,6.227,B7Ve,150,365,
035,HD 21650,03 31 15.68,41 43 35.24,7.33,B6e,230,246,
036,HD 21620,03 31 29.34,49 12 35.17,6.28,A0Vne,,211,
037,HD 21641,03 31 33.14,47 51 44.70,6.773,B8.5Ve,184,130,
038,psi Per,03 36 29.38,48 11 33.48,4.31,B5Ve,275,2236,
039,CT Cam,03 38 01.04,55 10 15.08,7.69,B2Vne,,600,
040,HD 22780,03 41 07.86,37 34 48.71,5.541,B7Vne,285,541,
041,13 Tau,03 42 18.95,19 42 00.92,5.681,B9Vne,235,393,
042,ELECTRA,03 44 52.54,24 06 48.01,3.705,B6IIIe,170,698,
043,MEROPE,03 46 19.57,23 56 54.08,4.164,B6IVe,240,840,
044,ALCYONE,03 47 29.08,24 06 18.49,2.873,B7IIIe,140,1252,
045,HD 23552,03 48 18.08,50 44 12.37,6.15,B8Vne,220,164,
046,PLEIONE,03 49 11.22,24 08 12.16,5.048,B8IVev,290,10410,
047,HD 23800,03 50 25.07,52 28 54.85,6.98,B1IVe,,262,
048,V581 Per,03 56 20.36,44 56 14.95,7.78,B1.5Vne,,174,
049,HD 24479,03 57 25.44,63 04 20.14,4.946,B9.5Ve,100,375,
050,Menkhib,03 58 57.90,35 47 27.71,4.06,O7.5IIIe,213,4903,
051,48 Per,04 08 39.69,47 42 45.04,4.003,B3Ve,197,393,
052,HD 26398,04 11 03.40,16 38 49.13,6.98,B8e,180,273,
053,V586 Per,04 17 16.37,46 13 49.97,7.98,B2e,220,108,
054,228 Eri,04 29 06.93,-13 02 54.12,5.59,B2Vne,342,266,
055,HD 29096,04 36 39.13,41 04 36.64,7.96,B8IVe,,3,
056,V1150 Tau,04 38 36.24,08 10 30.62,7.63,B2.5Vne,,239,
057,56 Eri,04 44 05.32,-08 30 12.84,5.775,B2Ve,213,287,
058,HD 29866,04 44 13.02,40 47 11.22,6.096,B8IVne,260,477,
059,HD 30677,04 50 03.61,08 24 28.24,6.84,B0IIIe,151,230,
060,2 Ori,04 50 36.72,08 54 00.65,4.353,A1Vne,218,303,
061,HD 32188,05 03 18.64,41 26 29.93,6.119,A2IIIshe,23,345,
062,11 Cam,05 06 08.45,58 58 20.54,5.03,B2.5Ve,95,430,
063,HD 32811,05 06 40.93,22 30 38.72,7.14,B8Ve,,2,
064,105 Tau,05 07 55.44,21 42 17.37,5.92,B2Ve,200,316,
065,lam Eri,05 09 08.78,-08 45 14.69,4.249,B2IVne,318,998,
066,V415 Aur,05 12 14.50,41 12 54.74,7.82,B2Vnne,,51,
067,V416 Aur,05 13 13.33,40 11 36.71,7.38,B2Vpe,,121,
068,12 Aur,05 16 27.08,46 24 57.83,6.95,B5e,,582,
069,AN Col,05 21 16.86,-34 20 42.19,6.065,B2Vnpe,350,114,
070,V1369 Ori,05 21 19.31,04 00 43.01,6.52,B5Vpe,215,271,
071,V420 Aur,05 22 35.23,37 40 33.64,7.45,B0IVpe,,305,
072,HD 35269,05 24 09.39,16 33 45.59,7.88,A0e,,1,
073,eta Ori,05 24 28.62,-02 23 49.73,3.38,B0.5Ve,170,793,
074,25 Ori,05 24 44.83,01 50 47.20,4.873,B1Vpe,263,605,
075,V1372 Ori,05 28 48.46,02 09 52.97,7.24,B2Vne,180,121,
076,V1374 Ori,05 31 41.03,09 13 33.56,7.51,B8e,,202,
077,HD 36408,05 32 14.14,17 03 29.25,6.06,B7IIIe,300,149,
078,120 Tau,05 33 31.63,18 32 24.83,5.667,B2IVe,265,319,
079,43 Ori,05 35 22.90,-05 24 57.82,5.08,O9.5Vpe,183,320,
080,HD 37115,05 35 54.08,-05 37 42.33,7.16,B6Ve,,138,
081,29 Dor,05 36 54.98,-66 33 37.03,6.281,B9.5Ve,,61,
082,zet Tau,05 37 38.69,21 08 33.16,3.03,B2IVe,245,5837,
083,HD 37330,05 37 53.45,00 58 06.99,7.38,B6Ve,,120,
084,HD 37266,05 39 04.27,37 58 35.93,7.5,Be,,0,
085,ome Ori,05 39 11.15,04 07 17.28,4.57,B2IIIe,155,3329,
086,HD 37352,05 39 15.15,30 09 02.01,7.69,B8e,270,125,
087,alf Col,05 39 38.94,-34 04 26.79,2.6,B9Ve,180,80,
088,HD 37971,05 41 41.51,-16 43 32.99,6.203,B4.5IIIe,0,321,
089,V434 Aur,05 42 19.87,43 03 34.53,7.25,B3Vne,,140,
090,V731 Tau,05 43 19.50,23 12 15.74,6.227,B2.5Ve,160,286,
091,V1165 Tau,05 43 39.06,25 26 22.36,6.82,B1Vpe,,284,
092,HD 38856,05 48 45.97,00 43 32.04,7.25,B5Ve,179,166,
093,HD 39018,05 50 32.28,18 01 34.90,7.72,B9e,190,116,
094,HD 40132,05 58 00.30,24 37 01.77,7.88,Be,,2,
095,141 Tau,06 01 41.63,22 24 03.58,6.355,B8IVe,,1,
096,V696 Mon,06 04 13.50,-06 42 32.18,5.251,B2Vne,358,312,
097,V447 Aur,06 04 38.41,46 35 06.40,7.29,B3Ve,,164,
098,HD 42054,06 07 03.67,-34 18 43.28,5.843,B4IVe,,95,
099,HD 41600,06 07 20.02,26 40 55.77,7.07,B9IVe,,1,
100,HD 42406,06 10 36.74,03 52 18.19,7.99,B4IVe,300,117,
101,HD 42477,06 11 27.91,13 38 18.82,6.042,A0Vnne,,134,
102,69 Ori,06 12 03.28,16 07 49.46,4.947,B5Vne,285,1018,
103,HD 43264,06 15 35.70,07 39 08.16,7.51,B9IIIe,288,202,
104,HD 43285,06 15 40.18,06 03 58.20,6.05,B5IVe,260,295,
105,HD 43544,06 16 07.69,-16 37 04.82,5.959,B2.5Ve,260,192,
106,HD 43913,06 18 58.46,04 11 28.73,7.86,Be,,112,
107,HD 44506,06 20 36.24,-34 08 38.92,5.525,B1.5Ve,220,66,
108,FR CMa,06 21 24.72,-11 46 23.66,5.585,B1Vpe,242,189,
109,HD 44637,06 23 24.68,15 06 06.43,8,B2Vpe,,760,
110,HD 44783,06 24 02.28,08 53 06.04,6.24,B9IIIe,226,308,
111,HD 44996,06 24 20.58,-12 57 42.98,6.12,B6.5Ve,38,808,
112,PZ Gem,06 27 15.78,14 53 21.22,6.64,O9pe,,954,
113,IY CMa,06 28 39.24,-32 22 16.60,5.74,B3Ve,275,92,
114,bet Mon A,06 28 49.07,-07 01 59.02,4.62,B3Ve,330,236,
115,nu Gem,06 28 57.79,20 12 43.69,4.14,B6IIIe,160,766,
116,AX Mon,06 30 32.94,05 52 01.20,6.74,B2IIIpshev,,414,
117,HD 46131,06 30 38.52,-22 19 18.52,7.15,B4Ve,275,62,
118,HD 45995,06 31 09.56,11 15 04.96,6.14,B2Vnne,255,177,
119,mu Pic,06 31 58.31,-58 45 13.81,5.707,B9Ve,,92,
120,QQ Gem,06 33 05.59,16 56 55.53,7.64,Be,,223,
121,HD 46484,06 33 54.41,04 39 44.61,7.65,B0.5IVe,120,186,
122,HD 47054,06 36 35.33,-05 12 40.11,5.57,B7IIIe,219,308,
123,HD 47160,06 37 05.74,-02 10 44.53,7.11,B8IVe,149,128,
124,15 Mon,06 40 58.66,09 53 44.72,4.64,B1Ve,70,1981,
125,10 CMa,06 44 28.47,-31 04 13.89,5.222,B2IIIe,205,70,
126,HP CMa,06 45 31.19,-30 56 56.33,5.8,B2IIIe,,89,
127,HD 49319,06 46 03.22,-39 32 24.92,6.625,B2.5IVne,245,238,
128,V339 Pup,06 46 12.15,-37 46 31.17,6.193,B6Vne,220,89,
129,V715 Mon,06 49 03.66,01 00 07.43,6.15,B3IIIe,85,270,
130,KS CMa,06 49 15.87,-12 40 04.52,7.26,B5ne,,85,
131,kap CMa,06 49 50.46,-32 30 30.52,3.515,B1.5Ve,243,129,
132,HD 49787,06 49 55.52,-05 30 47.50,7.54,B1Ve,160,127,
133,HD 49888,06 50 08.09,-12 35 05.12,7.23,B3e,260,88,
134,HZ CMa,06 50 23.35,-31 42 21.81,5.743,B6Vnpe,220,120,
135,KU CMa,06 50 26.47,-14 06 48.11,7.99,B1.5Vnpe,,87,
136,V743 Mon,06 51 33.40,-06 57 59.45,6.583,B7IIIe,60,3854,
137,V742 Mon,06 51 45.75,05 05 03.86,6.92,B2IIIe,181,231,Herbig
138,HD 50581,06 54 13.84,06 41 16.76,7.52,A0IVe,240,283,
139,LL CMa,06 54 35.91,-17 55 01.89,7.63,B3Ve,,83,
140,HD 50820,06 54 42.04,-01 45 23.36,6.27,B3IVe,,319,
141,V744 Mon,06 55 13.65,05 26 02.44,7.85,B1.5Ve,267,255,
142,HD 50658,06 56 32.06,46 16 26.39,5.841,B8IIIe,235,231,
143,V644 Mon,06 57 09.38,-10 49 28.07,6.89,Ape,,66,
144,QY Gem,06 57 42.90,17 54 07.24,7.15,B3ne,,926,
145,HD 51506,06 57 55.99,06 32 56.93,7.69,B2.5IVe,172,434,
146,LQ CMa,06 59 44.55,-28 23 58.99,7.206,B4Vne,420,121,
147,HD 53048,07 00 10.39,-56 54 25.22,7.92,B6Vne,,63,
148,FU CMa,07 00 19.36,-22 07 08.62,6.513,B3Vnne,190,86,
149,HD 52812,07 01 33.61,-27 13 22.60,6.935,B3Ve,,119,
150,GU CMa,07 01 49.51,-11 18 03.32,6.58,B1.5Ve,352,392,Herbig
151,19 Mon,07 02 54.78,-04 14 21.24,4.99,B1Ve,270,3017,
152,V749 Mon,07 03 37.18,-02 28 27.02,7.2,B4IVe,203,78,
153,HD 53416,07 05 34.68,14 28 23.20,7.05,B8e,,164,
154,HD 53667,07 05 35.22,-08 43 43.97,7.76,B0IIIe,110,121,
155,FV CMa,07 07 22.59,-23 50 26.59,5.71,B2Vnne,195,64,
156,HD 55014,07 10 46.12,-11 34 26.63,7.77,B7Vne,,32,
157,HD 55135,07 11 20.85,-10 25 43.78,7.32,B2.5Ve,244,94,
158,HD 55271,07 11 20.93,-21 48 11.84,6.92,B5Ve,,56,
159,HI CMa,07 12 45.48,-15 30 06.44,7.83,B2Vne,,33,
160,27 CMa,07 14 15.21,-26 21 09.03,4.65,B3IIIe,280,230,
161,ome CMa,07 14 48.65,-26 46 21.61,4.028,B2IVe,85,404,
162,NV Pup,07 18 18.39,-36 44 02.23,4.7,B2Ve,220,93,
163,NW Pup,07 18 38.19,-36 44 33.85,5.088,B2IVne,80,90,
164,HD 57386,07 20 42.98,-08 25 15.70,8,B1.5Vnnpe,,35,
165,HD 57682,07 22 02.05,-08 58 45.77,6.403,O9Ve,,1018,
166,NN CMa,07 22 43.32,-26 00 40.84,7.18,B1.5IInne,,79,
167,NO CMa,07 23 00.70,-31 55 25.61,5.43,B5IIIne,,1328,
168,HD 58127,07 23 37.74,-14 06 00.62,7.58,B6e,240,53,
169,OT Gem,07 24 27.65,15 31 01.91,6.448,B2Ve,130,2091,
170,FW CMa,07 24 40.19,-16 12 05.30,5.2,B2Vne,43,106,
171,FY CMa,07 26 59.48,-23 05 09.68,5.56,B1IIe,375,2939,
172,bet CMi,07 27 09.04,08 17 21.54,2.886,B8Ve,230,1128,
173,HD 59498,07 29 22.78,-21 52 09.18,7.79,B5IVe,,58,
174,V373 Pup,07 29 27.97,-21 51 31.03,7.73,B2Vne,,32,
175,z Pup,07 33 51.04,-36 20 18.21,5.41,B3Vne,273,34,
176,V763 Mon,07 35 57.80,-03 22 05.89,7.83,B5e,160,64,
177,V378 Pup,07 36 03.89,-14 29 33.98,5.656,B2.5Ve,240,426,
178,HD 61025,07 36 18.12,-24 36 35.31,7.89,B2Vne,,59,
179,BN Gem,07 37 05.73,16 54 15.30,6.921,O8Vpev,362,609,
180,HD 61224,07 37 38.80,-14 26 26.75,6.526,B8.5IVe,250,102,
181,V468 Pup,07 39 57.99,-37 34 45.92,6.004,B6IVe,,234,
182,HD 62367,07 43 32.13,-04 40 50.38,7.13,B9e,,116,
183,V387 Pup,07 43 47.91,-40 18 33.56,6.568,B2Vne,,90,
184,V392 Pup,07 46 10.54,-37 56 01.21,5.87,B7Ve,,236,
185,FF Cam,07 46 52.85,81 40 56.79,7.9,B9e,,3381,
186,HD 63423,07 47 35.40,-30 32 55.06,7.87,B1IIe,,60,
187,omi Pup,07 48 05.17,-25 56 13.81,4.5,B1IVnne,435,315,
188,HD 63988,07 49 52.22,-40 54 52.35,7.082,B8Ve,,91,
189,HD 64831,07 52 22.27,-59 29 35.20,7.83,B8Vne,,91,
190,HD 64109,07 52 22.63,03 50 35.33,7.99,B8e,260,163,
191,HD 65663,07 56 15.77,-61 05 57.95,6.741,B8Ve,,90,
192,BT CMi,07 57 03.99,02 57 03.04,7.77,B2Vne,,139,
193,V374 Car,07 58 50.55,-60 49 28.06,5.81,B2IVnpe,200,92,
194,HD 65930,07 59 00.73,-48 22 34.72,6.842,B2IIIe,,33,
195,V695 Mon,08 00 44.13,-02 52 54.91,6.51,B2.5Ve,140,174,
196,5 Cnc,08 01 30.29,16 27 19.12,5.983,B9.5Vne,,841,
197,V420 Pup,08 08 19.36,-23 37 04.04,6.53,B3IVe,90,162,
198,HD 68423,08 08 24.64,-63 48 02.96,6.313,B6Ve,,176,
199,PQ Pup,08 08 37.64,-37 40 52.40,6.351,B4Ve,,710,
200,V426 Pup,08 11 54.82,-30 12 42.83,7.76,B2IIIe,,62,
201,r Pup,08 13 29.52,-35 53 58.27,4.81,B1.5IIIe,145,232,
202,HD 69168,08 13 45.65,-46 34 43.27,6.478,B2Ve,,177,
203,HD 69404,08 14 51.24,-46 29 09.21,6.43,B2Vnne,,235,
204,HD 70340,08 21 20.28,-01 36 07.33,6.5,A2Vnnpe,33,171,
205,HD 71072,08 25 00.40,-12 45 53.23,6.89,B4IIIe,,241,
206,HD 71510,08 25 31.33,-51 43 38.70,5.159,B2Ve,158,207,
207,NR Vel,08 27 50.48,-50 06 00.07,7.67,B2Ve,,32,
208,HD 72014,08 28 52.06,-42 35 14.91,6.577,B1.5Vnne,,36,
209,HD 72067,08 29 07.57,-44 09 37.49,5.81,B2Vne,,237,
210,NS Vel,08 31 05.93,-39 03 39.47,7.3,B6IIIe,,62,
211,FY Vel,08 32 23.38,-49 36 04.77,6.9,B2IIpshe,,69,
212,HD 75081,08 46 23.76,-41 07 31.41,6.205,B9Ve,,234,
213,f Car,08 46 42.55,-56 46 11.19,4.51,B3Vne,268,183,
214,HD 76838,08 57 07.55,-43 15 22.27,7.31,B2IVe,,60,
215,IU Vel,09 00 22.26,-43 10 26.36,6.05,B2.5Vne,345,236,
216,E Car,09 05 38.38,-70 32 18.60,4.654,B2IVe,120,208,
217,HD 79206,09 10 42.02,-53 02 44.93,7.73,B3.5Vne,,62,
218,HD 79066,09 11 55.63,05 28 07.05,6.35,A9IVe,29,1536,
219,HD 79621,09 13 34.45,-47 20 18.26,5.905,B9Ve,,206,
220,HD 80459,09 16 55.61,-63 46 30.49,7.39,B6Vne,,60,
221,V480 Car,09 24 39.48,-58 41 20.51,7.88,B2.5Ve,,63,
222,HD 81753,09 26 44.90,-28 47 15.70,6.1,B6Ve,300,270,
223,HD 83032,09 33 30.65,-58 23 10.51,7.97,B7IIIe,,33,
224,V484 Car,09 34 29.79,-66 07 20.04,7.47,B4pshe,,60,
225,I Hya,09 41 17.01,-23 35 29.45,4.754,B5Ve,260,418,
226,V485 Car,09 41 37.30,-68 30 17.96,7.1,B3IIIpshe,,59,
227,HD 84523,09 44 07.16,-53 44 42.98,7.97,B4Ve,,59,
228,HD 84567,09 45 22.01,-30 12 09.89,6.438,B0.5IIIne,,146,
229,HD 85495,09 50 14.68,-58 02 45.11,7.94,B4IIIe,,61,
230,HD 85860,09 54 05.14,-27 59 56.45,7.17,B4Ve,,59,
231,OY Hya,09 59 06.30,-23 57 02.77,6.21,B5Ve,185,380,
232,HD 87543,10 03 34.12,-61 53 02.54,6.2,B7IVne,,153,
233,V337 Vel,10 09 18.14,-50 38 22.54,7.95,B2IIIe,,59,
234,17 Sex,10 10 07.54,-08 24 29.40,5.9,A1Ve,,726,
235,QY Car,10 11 46.46,-58 03 37.96,5.76,B2IVnpe,237,107,
236,HD 88825,10 13 01.15,-59 55 05.12,6.09,B4Ve,,149,
237,ome Car,10 13 44.22,-70 02 16.46,3.3,B8IIIe,240,151,
238,J Vel,10 20 54.90,-56 02 35.94,4.5,B3IIIe,70,126,
239,HD 89884,10 21 59.40,-18 02 04.13,7.131,B5IIIe,,203,
240,HR Car,10 22 53.84,-59 37 28.38,7.57,B2ev,10,92,
241,HD 90490,10 25 16.19,-58 52 20.85,6.995,B5Vne,,30,
242,V507 Car,10 28 18.26,-63 09 52.44,6.429,B2.5IIIne,,117,
243,HD 91273,10 30 06.83,-68 33 07.29,7.98,B8Ve,,59,
244,LX Vel,10 30 22.41,-57 04 38.61,6.615,B3IIIe,,59,
245,V510 Car,10 30 33.71,-61 20 11.35,7.56,B4Vne,,90,
246,HD 91120,10 30 59.84,-13 35 18.49,5.592,B8.5IVe,307,336,
247,p Car,10 32 01.46,-61 41 07.20,3.361,B4Vne,266,208,
248,DR Cha,10 41 51.52,-79 46 59.83,5.967,B4IVe,,117,
249,V518 Car,10 42 14.12,-64 27 59.13,4.82,B4Ve,,141,
250,HD 93563,10 46 57.47,-56 45 25.89,5.23,B8.5IIIe,280,121,
251,HD 93683,10 47 38.88,-60 37 04.25,7.97,B0.5Vne,,58,
252,HD 93843,10 48 37.78,-60 13 25.47,7.33,O6IIIe,,105,
253,AG Car,10 56 11.58,-60 27 12.81,7.09,B2pe,,74,
254,HD 94963,10 56 35.79,-61 42 32.27,7.26,O6.5IIIe,,31,
255,V353 Car,11 10 02.34,-60 05 42.49,7.72,B2Ve,,60,
256,HD 97253,11 10 42.04,-60 23 04.27,7.11,O5IIIe,,60,
257,HD 97535,11 12 05.50,-71 13 02.86,7.02,B7Vne,,29,
258,HD 97792,11 14 20.00,-56 02 51.23,7.97,B2.5Vnne,,60,
259,phi Leo,11 16 39.70,-03 39 05.78,4.467,A7IVne,250,1181,
260,HD 99467,11 26 01.38,-59 21 10.31,7.51,B9IIIe,,60,
261,A Cen,11 34 45.66,-54 15 50.73,4.614,B9Ve,160,152,
262,HD 101915,11 43 07.71,-72 26 43.94,7.12,B8Vne,,87,
263,j Cen,11 49 41.06,-63 47 18.52,4.313,B3Vne,210,264,
264,bet Hya,11 52 54.52,-33 54 29.27,4.276,B9IIIspe,,91,
265,PHECDA,11 53 49.85,53 41 41.14,2.44,A0Ve,167,1134,
266,HD 103574,11 55 21.66,-63 42 12.79,7.98,B2Ve,,59,
267,DG Cru,12 03 32.65,-61 05 53.87,7.57,B2Vne,,60,
268,V863 Cen,12 08 05.22,-50 39 40.57,4.448,B6IIIe,,175,
269,del Cen,12 08 21.50,-50 43 20.74,2.561,B2Vne,260,115,
270,V817 Cen,12 08 54.59,-41 13 53.77,5.506,B3IVe,120,149,
271,DK Cru,12 14 01.77,-59 23 48.83,7.86,B2IVne,250,63,
272,zet Crv,12 20 33.64,-22 12 57.24,5.22,B8Ve,250,548,
273,kap Dra,12 33 28.94,69 47 17.65,3.881,B6IIIpe,200,3924,
274,HD 109857,12 39 14.58,-75 22 14.14,6.49,B8Vne,,152,
275,39 Cru,12 41 56.57,-59 41 08.95,4.94,B6IVe,250,128,
276,BZ Cru,12 42 50.27,-63 03 31.05,5.316,B0.5IVpe,400,584,
277,HD 112028,12 49 13.59,83 24 46.42,5.35,A1IIIshe,275,347,
278,mu02 Cru,12 54 36.89,-57 10 07.21,5.113,B5Vne,210,120,
279,lam Cru,12 54 39.18,-59 08 48.12,4.602,B3Vne,302,177,
280,V946 Cen,13 01 34.90,-60 40 17.00,7.382,B6IIIne,,59,
281,LS Mus,13 03 05.34,-71 28 32.63,5.958,B2IVne,358,116,
282,V955 Cen,13 14 11.53,-63 22 25.45,7.97,B2IVne,,59,
283,V958 Cen,13 14 40.68,-38 39 05.66,7.12,B5Ve,,89,Herbig
284,V967 Cen,13 27 25.06,-62 38 56.44,7.45,B0IIe,,61,
285,HD 116875,13 28 01.50,-61 03 45.04,7.307,B8Ve,,59,
286,LV Mus,13 29 54.57,-65 30 07.19,7.68,B2Vne,,60,
287,HD 118094,13 36 20.98,-63 08 44.50,7.92,B8Vne,239,59,
288,CQ UMa,13 40 21.39,57 12 27.38,6.286,A2Vspe,33,350,
289,HD 119423,13 45 18.39,-66 45 16.82,7.595,B4Vne,180,87,
290,HD 119682,13 46 32.57,-62 55 24.13,7.908,B0Ve,200,369,
291,mu Cen,13 49 36.99,-42 28 25.43,3.456,B2Vnpe,124,120,
292,HD 120330,13 50 26.09,-59 44 52.85,7.9,B2.5Vnne,,61,
293,V774 Cen,13 53 28.23,-39 03 25.93,7.61,B3Vne,,91,
294,V767 Cen,13 53 57.24,-47 07 41.39,5.83,B2Ve,130,735,
295,HD 123131,14 07 56.66,-61 30 32.21,8,B6.5Ve,,29,
296,V716 Cen,14 13 39.82,-54 37 32.26,6.09,B5Ve,,120,
297,V795 Cen,14 14 57.14,-57 05 10.05,5.044,B4Vne,295,60,
298,HD 125015,14 18 50.98,-58 41 11.17,7.28,B7Vne,,59,
299,HD 124834,14 19 57.37,-73 58 06.39,6.62,B3IIIe,,87,
300,eps Aps,14 22 23.16,-80 06 32.21,5.051,B4Ve,,117,
301,HD 124639,14 24 22.07,-82 50 53.70,6.42,B9IVe,237,87,
302,HL Lib,14 30 40.46,-22 27 39.31,6.96,B9IVe,150,381,
303,V1008 Cen,14 33 36.77,-58 49 14.88,7.71,B2.5Vne,,60,
304,eta Cen,14 35 30.42,-42 09 28.17,2.322,B1.5Vne,310,140,
305,HD 127756,14 35 33.30,-61 00 29.80,7.59,B1.5Vne,,59,
306,CK Cir,14 39 31.66,-68 12 12.19,6.911,B2Vne,,116,
307,CO Cir,14 48 44.55,-66 35 36.82,5.88,B2.5Ve,,116,
308,CP Cir,14 50 34.16,-66 15 33.66,7.66,B5IVe,,87,
309,V1018 Cen,14 51 57.61,-40 48 21.02,7.93,B2pe,,91,
310,HD 131168,14 53 22.12,-45 51 20.71,7.05,B2Ve,185,90,
311,tet Cir,14 56 43.99,-62 46 51.66,5.11,B4Vnpe,185,118,
312,CV Cir,15 09 03.31,-61 53 15.31,6.96,B1.5IVne,,89,
313,kap Lup,15 11 56.07,-48 44 16.17,3.849,B9.5Vne,180,124,
314,HD 135160,15 16 36.69,-60 54 14.38,5.73,B0.5Ve,,65,
315,mu Lup,15 18 32.02,-47 52 31.00,4.274,B8Ve,278,91,
316,gam Cir,15 23 22.64,-59 19 14.81,4.51,B5IVe,,89,
317,HV Lup,15 28 17.42,-45 08 05.90,7.75,B1Vne,300,147,
318,kap01 Aps,15 31 30.82,-73 23 22.53,5.49,B2Vnpe,250,122,
319,53 Boo,15 31 46.98,40 53 57.61,4.997,A5Ve,,695,
320,tet CrB,15 32 55.78,31 21 32.88,4.153,B6Vnne,340,3859,
321,d Lup,15 35 53.25,-44 57 30.20,4.54,B3IVpe,,73,
322,HD 139431,15 39 45.65,-42 46 02.71,7.34,B2Vne,276,94,
323,HD 140926,15 48 47.86,-54 23 44.37,7.9,B2.5Vnne,,89,
324,V1040 Sco,15 53 55.86,-23 58 41.15,5.4,B2Ve,340,334,
325,4 Her,15 55 30.59,42 33 58.29,5.74,B9pe,300,2148,
326,48 Lib,15 58 11.37,-14 16 45.69,4.943,B8IIe,390,410,
327,del Sco,16 00 20.01,-22 37 18.14,2.291,B0.2IVe,175,6880,
328,MQ TrA,16 03 44.47,-60 29 54.47,7.3,Oe,,32,
329,HD 144965,16 10 10.56,-40 07 43.80,7.116,B3Vne,,89,
330,HD 146444,16 18 39.38,-49 24 49.96,7.6,B2Vne,275,59,
331,HD 146501,16 19 02.65,-49 24 22.88,7.29,B6Vne,,58,
332,HD 146596,16 19 42.67,-52 46 19.03,7.98,B5IVe,,115,
333,HD 147196,16 21 19.19,-23 42 28.75,7.05,B6.5Vne,,138,
334,HD 147302,16 24 01.27,-55 27 13.37,7.721,B2IIIne,392,89,
335,chi Oph,16 27 01.43,-18 27 22.49,4.42,B2Vne,144,368,
336,OZ Nor,16 28 49.89,-44 48 45.40,7.42,B2IIe,,59,
337,HD 148567,16 31 02.86,-46 28 45.61,7.76,B2IIne,,60,
338,zet Oph,16 37 09.54,-10 34 01.53,2.578,O9Ve,348,2697,
339,V1063 Sco,16 40 42.46,-41 07 37.09,7.93,B4IIIe,,58,
340,HD 149671,16 41 23.11,-68 17 46.04,5.882,B7IVe,,93,
341,HD 151113,16 47 30.34,-45 27 37.89,7.43,B2Ve,180,58,
342,V846 Ara,16 56 08.84,-50 40 29.25,6.33,B3Vnpe,295,118,
343,HD 152541,16 56 14.50,-46 50 57.89,7.45,B7Ve,,60,
344,V828 Ara,17 01 47.39,-58 57 29.69,6.263,B2IVne,,92,
345,HD 153262,17 01 54.07,-59 02 51.32,7.61,B2Vnne,,61,
346,HD 154218,17 05 42.96,-36 44 25.90,7.57,B3Vne,,61,
347,V956 Sco,17 07 05.16,-35 45 32.38,7.9,Oe,,60,
348,V1075 Sco,17 15 19.25,-33 32 54.31,5.612,O8Ve,211,111,
349,V1076 Sco,17 16 17.58,-42 20 20.52,6.9,B2.5Vnne,367,59,
350,V1077 Sco,17 18 20.51,-32 33 11.18,6.374,B5Vne,180,137,
351,V1078 Sco,17 19 24.15,-38 00 13.28,7.89,B1Ve,,61,
352,HD 156398,17 19 24.63,-44 13 22.90,6.659,B9.5V+...,,91,
353,iot Ara,17 23 16.08,-47 28 05.51,5.245,B2IIIne,340,97,
354,gam Ara,17 25 23.66,-56 22 39.81,3.312,B1IIe,302,144,
355,V750 Ara,17 27 54.81,-47 01 34.40,6.652,B2Vne,310,278,
356,V862 Ara,17 31 23.28,-56 55 15.47,5.987,B7IIIe,,121,
357,51 Oph,17 31 24.95,-23 57 45.51,4.81,A0Ve,,177,Herbig
358,alf Ara,17 31 50.49,-49 52 34.12,2.836,B2Vne,290,106,
359,V864 Ara,17 33 11.35,-58 33 27.12,7.03,B7Vnnpe,,91,
360,V862 Sco,17 40 01.04,-32 12 03.84,6.75,B5Ve,220,107,
361,V2382 Oph,17 40 23.87,-28 55 23.52,7.18,B3Vne,,79,
362,HD 160648,17 43 24.28,-46 35 16.61,7.52,B6IIIe,,62,
363,V3894 Sgr,17 48 27.84,-26 58 29.80,6.35,B4IVe,95,158,
364,HD 161807,17 49 24.75,-38 59 01.61,7.007,B3Vne,,91,
365,HD 162428,17 50 01.23,24 28 05.07,7.103,A0e,350,590,
366,z Her,17 50 03.34,48 23 38.96,6.89,Bpshe,159,1269,
367,V868 Ara,17 50 18.87,-47 13 49.89,7.59,B6Vne,,93,
368,HD 163007,17 56 13.39,-46 42 07.69,7.447,B4Vne,,95,
369,V3984 Sgr,17 59 56.43,-33 24 29.98,7.355,B5Ve,312,91,
370,66 Oph,18 00 15.80,04 22 07.02,4.784,B2Ve,262,10896,
371,V974 Her,18 00 27.66,19 30 20.83,6.43,B8Vne,250,283,
372,HD 164050,18 01 11.31,-40 20 07.87,7.78,B8Ve,,93,
373,HD 164906,18 04 25.84,-24 23 08.35,7.45,B0Ve,255,80,
374,V986 Oph,18 04 37.36,01 55 08.37,6.15,B0IIIne,,124,
375,V4379 Sgr,18 05 33.31,-19 45 15.14,7.05,B9Ve,,83,
376,HD 165063,18 05 44.57,-36 34 46.10,7.46,B8e,,94,
377,HD 165365,18 06 45.79,-28 21 49.77,7.11,B7IIIe,,0,
378,omi Her,18 07 32.55,28 45 44.97,3.837,B9.5Ve,,821,
379,V3903 Sgr,18 09 17.70,-23 59 18.23,7.36,B6IIIe,,97,
380,HD 166566,18 11 50.91,-15 40 47.51,7.99,B2Ve,50,95,
381,V4045 Sgr,18 11 58.16,-28 54 05.53,6.52,B9IVspe,23,158,
382,HD 166917,18 12 40.36,02 48 46.11,6.7,B8IIIe,165,219,
383,QV Tel,18 17 07.53,-56 01 24.07,5.33,B3IIIpe,48,144,
384,HD 168135,18 18 50.70,-12 27 14.45,7.92,B8e,260,91,
385,HD 168957,18 21 27.77,25 03 24.40,6.983,B3Ve,,447,
386,NW Ser,18 21 28.40,05 26 08.59,6.147,B2.5IIIe,264,387,
387,HD 169033,18 23 12.16,-12 00 53.11,5.705,B5Ve,200,206,
388,HD 170009,18 27 01.79,07 43 57.80,8,B9IIIe,180,187,
389,HD 169805,18 27 12.00,-18 57 13.40,8,B2Vne,,63,
390,V4031 Sgr,18 29 21.99,-25 15 23.78,6.59,B1Vnne,170,102,
391,QT Ser,18 31 04.45,04 37 37.04,7.73,B5e,295,209,
392,V448 Sct,18 31 08.64,-05 47 22.31,7.38,B1.5IVe,270,159,
393,V3508 Sgr,18 31 24.21,-19 09 31.03,7.95,B5IIIe,,93,
394,HD 171219,18 33 17.84,05 26 43.94,7.65,B5IIIe,300,146,
395,V532 Lyr,18 33 23.04,30 53 31.52,6.538,B4Ve,185,563,
396,HD 171780,18 35 13.51,34 27 28.88,6.088,B5Vne,230,850,
397,V4400 Sgr,18 35 20.47,-22 05 27.38,7.95,B2Vnne,,61,
398,HD 172158,18 39 30.24,-21 57 56.01,7.95,B8IIe,,122,
399,V447 Sct,18 44 33.34,-07 06 38.17,7.88,B0.5IVe,61,146,
400,4 Aql,18 44 49.94,02 03 36.14,5.014,B9Ve,225,343,
401,HD 173371,18 44 55.91,-00 22 24.37,6.885,B7IVe,295,130,
402,CX Dra,18 46 43.09,52 59 16.66,5.9,B2.5Ve,163,3176,
403,HD 174179,18 47 57.37,31 45 24.61,6.047,B3IVpe,5,306,
404,HD 174105,18 48 22.65,15 23 38.89,6.93,B8e,250,210,
405,SHELIAK,18 50 04.80,33 21 45.61,3.52,B7Ve,120,3262,
406,HD 175511,18 52 02.21,59 40 01.33,6.94,B9e,,209,
407,lam Pav,18 52 13.03,-62 11 15.33,4.207,B2Ve,140,170,
408,HD 174886,18 53 14.47,-10 13 12.47,7.77,B4IIIe,69,125,
409,HD 175863,18 53 44.70,60 01 04.33,7.034,B4Ve,,510,
410,64 Ser,18 57 16.59,02 32 07.25,5.563,B8IIIe,175,295,
411,HD 176630,19 01 27.31,-06 11 33.33,7.65,B3IIIe,175,256,
412,HD 177015,19 03 33.13,-20 07 42.93,7.8,B4Vne,,119,
413,HD 177648,19 04 38.50,23 19 45.41,7.234,B2Ve,,377,
414,HD 177427,19 05 46.90,-29 04 52.05,7.08,B9IIIe,,101,
415,iot Lyr,19 07 18.13,36 06 00.57,5.249,B6IVe,310,1051,
416,V4024 Sgr,19 08 16.70,-19 17 25.03,5.57,B2Ve,105,143,
417,HD 179343,19 12 03.28,02 37 21.32,6.945,B8IIIe,148,148,
418,V1448 Aql,19 15 01.43,09 48 27.42,7.99,B2IVe,243,481,
419,HD 181409,19 19 03.74,33 23 19.72,6.573,B2IVe,140,215,
420,ups Sgr,19 21 43.62,-15 57 18.06,4.578,Bpshe,44,432,
421,HD 183339,19 25 46.77,58 01 38.36,6.581,B8IVwe,45,173,
422,V558 Lyr,19 27 36.40,37 56 28.31,6.294,B3Ve,220,202,
423,7 Vul,19 29 20.90,20 16 47.06,6.327,B5Vne,305,183,
424,V923 Aql,19 30 33.12,03 26 39.86,6.089,B6she,275,478,
425,bet Cyg B,19 30 45.40,27 57 55.00,5.088,B8Ve,220,256,
426,V1294 Aql,19 33 36.92,03 45 40.78,6.98,B0Ve,195,275,
427,11 Cyg,19 35 48.30,36 56 40.35,6.028,B8Vne,285,286,
428,HD 184767,19 36 00.99,00 14 58.76,7.15,A0IIIe,44,96,
429,kap Aql,19 36 53.45,-07 01 38.92,4.96,B0.5IIIe,,239,
430,V341 Sge,19 42 48.28,17 58 05.76,7.78,B2.5Ve,,191,
431,V1339 Aql,19 50 17.48,07 54 08.69,6.484,B2.5IVe,140,289,
432,12 Vul,19 51 04.11,22 36 36.17,4.893,B2.5Ve,245,2684,
433,V396 Vul,19 51 04.74,27 43 00.86,7.761,B2Vnne,,163,
434,V1466 Aql,19 52 15.58,10 21 05.72,6.503,B7VA5Ve,,189,
435,25 Cyg,19 59 55.20,37 02 34.39,5.139,B3IVe,200,1799,
436,HD 189689,20 00 07.06,32 47 22.83,7.282,B9e,150,86,
437,HD 189847,20 00 58.74,31 13 49.66,6.924,B7Ve,,2,
438,HD 190864,20 05 39.80,35 36 27.99,7.79,O7IIIe,100,179,
439,28 Cyg,20 09 25.62,36 50 22.64,4.929,B2.5Ve,300,3819,
440,20 Vul,20 12 00.70,26 28 43.70,5.903,B7Ve,245,273,
441,HD 192445,20 13 32.99,36 19 42.17,7.23,B0.5IIIe,,591,
442,QR Vul,20 15 15.90,25 35 31.05,4.759,B3Ve,275,8061,
443,V2113 Cyg,20 16 48.18,32 22 47.39,7.16,B1Vnnpe,,403,
444,LZ Del,20 17 09.78,15 52 21.61,7.47,B9e,,204,
445,HD 193182,20 17 25.18,39 35 36.74,6.554,Ape,200,262,
446,HD 194057,20 21 40.32,44 48 51.25,7.52,B1IIe,,751,
447,25 Vul,20 22 03.43,24 26 45.96,5.519,B8IIIne,160,300,
448,V2119 Cyg,20 23 44.37,37 28 35.21,5.859,B2Vne,315,315,
449,HD 194244,20 24 37.50,01 04 06.26,6.144,B9IIIe,233,276,
450,V2120 Cyg,20 25 32.81,54 41 03.12,7.36,B2Ve,,42,
451,HD 194779,20 25 55.08,41 20 11.72,7.8,B3IIe,,501,
452,HD 195554,20 29 27.11,56 04 05.48,5.889,B9Vne,250,115,
453,HD 195407,20 29 47.76,36 58 49.37,7.8,B0IVpe,310,118,
454,V2123 Cyg,20 33 05.11,31 39 25.31,7.82,B1.5Ve,,83,
455,HD 196712,20 39 13.25,-02 24 46.70,6.221,B7IIIne,250,187,
456,V568 Cyg,20 42 22.32,35 27 22.30,6.671,B2IVe,105,252,
457,lam Cyg,20 47 24.54,36 29 26.57,4.75,B5Ve,125,5005,
458,V2136 Cyg,20 49 54.65,46 39 40.81,6.33,B4Ve,250,981,
459,HD 199218,20 54 22.25,40 42 10.65,6.696,B8Vnne,205,165,
460,V2139 Cyg,20 55 23.11,40 18 00.10,7.157,B2IVpe,,159,
461,nu Cyg,20 57 10.42,41 10 01.70,3.939,A1Vne,245,267,
462,59 Cyg,20 59 49.56,47 31 15.42,4.74,B1.5Vnne,379,5299,
463,V2144 Cyg,21 00 49.86,46 34 42.91,7.28,B5Ve,,115,
464,60 Cyg,21 01 10.93,46 09 20.78,5.417,B1Ve,320,383,
465,HD 201522,21 08 29.63,47 15 25.37,7.9,B0Ve,,83,
466,V2148 Cyg,21 09 58.63,45 30 09.20,6.61,B4IVpe,340,450,
467,HD 201836,21 10 30.96,47 41 32.02,6.492,B6IVe,120,117,
468,V421 Cep,21 17 18.79,58 36 41.34,6.432,B2IIIe,90,226,
469,ups Cyg,21 17 55.08,34 53 48.83,4.43,B2Vne,185,1677,
470,HD 203374,21 19 07.36,61 51 30.43,6.692,B0IVpe,,123,
471,6 Cep,21 19 22.22,64 52 18.68,5.185,B3IVe,153,967,
472,V2153 Cyg,21 22 51.15,40 41 50.08,7.52,B1Vne,,293,
473,NT Peg,21 23 35.39,14 03 00.64,6.86,B2.5IVne,,303,
474,V2155 Cyg,21 24 30.34,55 22 00.24,7.55,B1Ve,,586,
475,ALFIRK,21 28 39.60,70 33 38.57,3.216,B2IIIev,20,8165,
476,V2162 Cyg,21 29 14.84,44 20 17.25,7.63,B2Vnne,,628,
477,V2163 Cyg,21 30 00.89,45 29 39.07,6.944,B4e,200,313,
478,HD 205060,21 31 36.91,42 42 02.72,7.219,B5e,,180,
479,HD 205551,21 34 27.46,51 41 54.47,6.164,B9IIIe,120,135,
480,eps Cap,21 37 04.83,-19 27 57.65,4.5,B3Vpe,225,280,
481,HD 206773,21 42 24.18,57 44 09.80,6.927,B0Vpe,480,1260,
482,HD 207232,21 46 02.83,50 40 26.95,7.033,B9e,330,195,
483,16 Peg,21 53 03.77,25 55 30.49,5.078,B3Ve,100,1818,
484,EM Cep,21 53 48.10,62 36 51.94,7.03,B0.5Ve,304,175,
485,HD 208682,21 55 31.00,65 19 14.91,5.939,B2.5Ve,307,135,
486,V439 Cep,21 59 19.67,60 17 51.59,7.67,B1Ve,,253,
487,VV PsA,21 59 55.54,-31 31 32.65,7.06,B7Ve,200,95,
488,eta PsA,22 00 50.23,-28 27 13.46,5.62,B8Ve,320,118,
489,omi Aqr,22 03 18.84,-02 09 19.31,4.7,B7IVe,280,308,
490,UU PsA,22 04 36.77,-26 49 20.50,5.952,B4IVne,275,114,
491,25 Peg,22 07 50.30,21 42 10.53,5.783,B7Vne,130,376,
492,V357 Lac,22 20 22.71,51 51 39.60,6.98,B1Vnnpev,,1686,
493,31 Peg,22 21 31.08,12 12 18.66,4.81,B2IVe,98,1380,
494,pi Aqr,22 25 16.62,01 22 38.63,4.794,B1Ve,230,6321,
495,8 Lac B,22 35 52.11,39 37 41.28,6.48,B2Ve,300,266,
496,8 Lac A,22 35 52.28,39 38 03.58,5.73,B2Ve,265,546,
497,eps PsA,22 40 39.34,-27 02 37.02,4.18,B8Ve,200,160,
498,HD 216057,22 48 47.90,54 24 53.61,6.131,B5Vne,260,145,
499,14 Lac,22 50 21.77,41 57 12.22,5.928,B3IVe,225,1365,
500,V423 Lac,22 55 47.06,43 33 33.43,7.97,B3Vne,310,260,
501,EW Lac,22 57 04.50,48 41 02.65,5.42,B3IVpe,265,659,
502,V378 And,23 00 54.75,38 42 28.24,6.555,B3Vpe,370,571,
503,omi And,23 01 55.26,42 19 33.53,3.633,B6IIIpe,260,4442,
504,bet Psc,23 03 52.61,03 49 12.17,4.486,B6Ve,95,1100,
505,CW Cep,23 04 02.22,63 23 48.76,7.67,B1Vve,,256,
506,KX And,23 07 06.21,50 11 32.49,7.02,Bpe,,343,
507,KY And,23 09 16.75,49 39 02.21,6.758,B3IVe,,307,
508,HD 219523,23 15 28.51,64 16 00.17,7.17,B5Ve,,1,
509,V813 Cas,23 22 10.46,56 20 53.61,7.93,B8e,350,140,
510,bet Scl,23 32 58.26,-37 49 05.76,4.37,B9.5IVmnpe,20,120,
511,18 And,23 39 08.33,50 28 18.24,5.35,B9Ve,,561,
512,V818 Cas,23 49 53.12,62 12 50.73,7.74,B2Vne,,242,
513,LQ And,23 58 46.44,46 24 47.44,6.542,B4Vne,300,517,
514,HD 224544,23 58 49.24,32 22 54.14,6.524,B6IVe,260,431,
515,eps Tuc,23 59 54.98,-65 34 37.68,4.49,B8Ve,300,103,


